height,weight
147.32,52.27272727
149.86,53.18181818
152.4,54.54545455
154.94,55.90909091
157.48,57.27272727
160.02,58.63636364
162.56,60
165.1,61.36363636
167.64,63.18181818
170.18,64.54545455
172.72,66.36363636
175.26,68.18181818
177.8,70
180.34,72.27272727
182.88,74.54545455